{
  "num_nodes": 64,
  "num_edges": 813,
  "epochs": 200,
  "first_loss": 1.9654031991958618,
  "final_loss": 1.4228495359420776,
  "first_link_auc": 0.730781614780426,
  "final_link_auc": 0.8497191071510315,
  "first_mask_mse": 1.1328858137130737,
  "final_mask_mse": 0.9543476104736328,
  "wall_seconds": 4.926161684000363
}