{
  "controller": "gnn",
  "config": {
    "epochs": 16,
    "batch_size": 16,
    "learning_rate": 0.001,
    "weight_decay": 0.0,
    "seed": 42,
    "only_passed": true,
    "aux_loss_weight": 0.1,
    "edge_loss_weight": 0.5,
    "train_frac": 0.8
  },
  "wall_seconds": 90.26205635299993,
  "epoch_accuracy": [
    0.7507002801120448,
    0.803921568627451,
    1.0,
    1.0,
    1.0,
    1.0,
    1.0,
    1.0,
    1.0,
    1.0,
    1.0,
    1.0,
    1.0,
    1.0,
    1.0,
    1.0
  ],
  "final_accuracy": 1.0
}