{
  "controller": "gnn",
  "config": {
    "epochs": 12,
    "batch_size": 16,
    "learning_rate": 0.001,
    "weight_decay": 0.0,
    "seed": 0,
    "only_passed": false,
    "aux_loss_weight": 0.1,
    "edge_loss_weight": 0.5,
    "train_frac": 0.8
  },
  "wall_seconds": 27.94968740100012,
  "epoch_accuracy": [
    0.7215189873417721,
    0.8417721518987342,
    0.8860759493670886,
    1.0,
    1.0,
    1.0,
    1.0,
    1.0,
    1.0,
    1.0,
    1.0,
    1.0
  ],
  "final_accuracy": 1.0
}