{
  "controller": "gnn",
  "config": {
    "epochs": 16,
    "batch_size": 32,
    "learning_rate": 0.0005,
    "weight_decay": 0.0,
    "seed": 0,
    "only_passed": false,
    "aux_loss_weight": 0.1,
    "edge_loss_weight": 0.5,
    "train_frac": 0.8
  },
  "wall_seconds": 2037.8572161730008,
  "epoch_accuracy": [
    0.6005434782608695,
    0.7472826086956522,
    0.7961956521739131,
    0.8586956521739131,
    1.0,
    1.0,
    1.0,
    1.0,
    1.0,
    1.0,
    1.0,
    1.0,
    1.0,
    1.0,
    1.0,
    1.0
  ],
  "final_accuracy": 1.0
}