{
  "controller": "gnn",
  "config": {
    "epochs": 8,
    "batch_size": 16,
    "learning_rate": 0.001,
    "weight_decay": 0.0,
    "seed": 0,
    "only_passed": false,
    "aux_loss_weight": 0.1,
    "edge_loss_weight": 0.5,
    "train_frac": 0.8
  },
  "wall_seconds": 9.002159569000014,
  "epoch_accuracy": [
    0.5396825396825397,
    0.5714285714285714,
    0.7936507936507936,
    0.7936507936507936,
    0.8095238095238095,
    0.8571428571428571,
    1.0,
    1.0
  ],
  "final_accuracy": 1.0
}