{
  "controller": "gnn",
  "config": {
    "epochs": 20,
    "batch_size": 16,
    "learning_rate": 0.001,
    "weight_decay": 0.0,
    "seed": 42,
    "only_passed": true,
    "aux_loss_weight": 0.1,
    "edge_loss_weight": 0.5,
    "train_frac": 0.8
  },
  "wall_seconds": 207.8994925220013,
  "epoch_accuracy": [
    0.54337899543379,
    0.54337899543379,
    0.54337899543379,
    0.5525114155251142,
    0.5753424657534246,
    0.5844748858447488,
    0.528158295281583,
    0.5525114155251142,
    0.6073059360730594,
    0.6301369863013698,
    0.6133942161339422,
    0.573820395738204,
    0.6210045662100456,
    0.6073059360730594,
    0.5951293759512938,
    0.6316590563165906,
    0.5981735159817352,
    0.5753424657534246,
    0.6331811263318112,
    0.5981735159817352
  ],
  "final_accuracy": 0.5981735159817352
}