{
  "controller": "gnn",
  "config": {
    "epochs": 16,
    "batch_size": 16,
    "learning_rate": 0.001,
    "weight_decay": 0.0,
    "seed": 42,
    "only_passed": true,
    "aux_loss_weight": 0.1,
    "edge_loss_weight": 0.5,
    "train_frac": 0.8
  },
  "wall_seconds": 107.25460149199898,
  "epoch_accuracy": [
    0.5635491606714629,
    0.6139088729016786,
    0.7649880095923262,
    0.7649880095923262,
    0.7937649880095923,
    0.8441247002398081,
    0.8561151079136691,
    0.9064748201438849,
    0.9064748201438849,
    0.894484412470024,
    0.9064748201438849,
    0.9064748201438849,
    0.9064748201438849,
    0.9064748201438849,
    0.9064748201438849,
    0.9064748201438849
  ],
  "final_accuracy": 0.9064748201438849
}