{
  "round": 12,
  "rank": 4,
  "alpha": 1.0,
  "epochs": 12,
  "lr": 0.005,
  "num_examples": 1366,
  "num_train": 1092,
  "num_eval": 274,
  "final_accuracy": 0.3029197080291971,
  "epoch_accuracy": [
    0.3284671532846715,
    0.3284671532846715,
    0.3759124087591241,
    0.30656934306569344,
    0.3284671532846715,
    0.2518248175182482,
    0.3029197080291971,
    0.3029197080291971,
    0.3029197080291971,
    0.3029197080291971,
    0.3029197080291971,
    0.3029197080291971
  ],
  "wall_seconds": 36.93664341800013,
  "trace_dirs": [
    "data/experiments/bench_round7_watchdog/manual_graph",
    "data/experiments/bench_round8_pertasktype/manual_graph",
    "data/experiments/bench_round9_autotuned/manual_graph",
    "data/experiments/bench_round10_prior_ablation/manual_graph",
    "data/experiments/bench_round11_priors_watchdog/manual_graph",
    "data/experiments/bench_round13_paid_yandex/manual_graph"
  ],
  "base_checkpoint": "data/checkpoints/sim_pretrain_gnn_v6.pt"
}