{
  "controller": "gnn",
  "config": {
    "n_per_type": 96,
    "epochs": 60,
    "batch_size": 64,
    "learning_rate": 0.003,
    "seed": 42,
    "weight_decay": 0.0,
    "aux_loss_weight": 0.1
  },
  "wall_seconds": 533.6138130669997,
  "epoch_accuracy": [
    0.19010416666666666,
    0.19010416666666666,
    0.23958333333333334,
    0.3880208333333333,
    0.421875,
    0.4557291666666667,
    0.4609375,
    0.515625,
    0.5598958333333334,
    0.5729166666666666,
    0.546875,
    0.5885416666666666,
    0.5807291666666666,
    0.5807291666666666,
    0.6171875,
    0.5546875,
    0.6145833333333334,
    0.6041666666666666,
    0.5989583333333334,
    0.625,
    0.5989583333333334,
    0.6041666666666666,
    0.5859375,
    0.5807291666666666,
    0.6354166666666666,
    0.6041666666666666,
    0.6302083333333334,
    0.6145833333333334,
    0.6015625,
    0.6458333333333334,
    0.6354166666666666,
    0.6223958333333334,
    0.6223958333333334,
    0.6276041666666666,
    0.6171875,
    0.625,
    0.6614583333333334,
    0.6015625,
    0.6119791666666666,
    0.6458333333333334,
    0.6119791666666666,
    0.6302083333333334,
    0.6510416666666666,
    0.6380208333333334,
    0.625,
    0.6145833333333334,
    0.6197916666666666,
    0.6328125,
    0.6692708333333334,
    0.6458333333333334,
    0.6197916666666666,
    0.6119791666666666,
    0.6432291666666666,
    0.6614583333333334,
    0.6536458333333334,
    0.640625,
    0.6145833333333334,
    0.6588541666666666,
    0.6614583333333334,
    0.6354166666666666
  ],
  "final_accuracy": 0.6354166666666666
}