{
  "controller": "gnn",
  "config": {
    "n_per_type": 96,
    "epochs": 60,
    "batch_size": 64,
    "learning_rate": 0.001,
    "seed": 7,
    "weight_decay": 0.0,
    "aux_loss_weight": 0.1,
    "terminate_kind_weight": 5.0,
    "finalizer_class_weight": 5.0
  },
  "wall_seconds": 689.8387601980003,
  "epoch_accuracy": [
    0.16063348416289594,
    0.16063348416289594,
    0.16968325791855204,
    0.16968325791855204,
    0.17194570135746606,
    0.33031674208144796,
    0.334841628959276,
    0.334841628959276,
    0.49547511312217196,
    0.49547511312217196,
    0.49547511312217196,
    0.5226244343891403,
    0.47737556561085975,
    0.5113122171945701,
    0.6018099547511312,
    0.6538461538461539,
    0.6923076923076923,
    0.6176470588235294,
    0.6153846153846154,
    0.6425339366515838,
    0.6153846153846154,
    0.7081447963800905,
    0.6742081447963801,
    0.6606334841628959,
    0.6493212669683258,
    0.6719457013574661,
    0.665158371040724,
    0.6923076923076923,
    0.6787330316742082,
    0.6877828054298643,
    0.6606334841628959,
    0.6787330316742082,
    0.6787330316742082,
    0.6131221719457014,
    0.6855203619909502,
    0.6764705882352942,
    0.6809954751131222,
    0.6606334841628959,
    0.6764705882352942,
    0.6764705882352942,
    0.6561085972850679,
    0.6380090497737556,
    0.6742081447963801,
    0.6809954751131222,
    0.669683257918552,
    0.6809954751131222,
    0.669683257918552,
    0.6493212669683258,
    0.6425339366515838,
    0.6402714932126696,
    0.667420814479638,
    0.669683257918552,
    0.6470588235294118,
    0.669683257918552,
    0.6900452488687783,
    0.6719457013574661,
    0.6742081447963801,
    0.6900452488687783,
    0.665158371040724,
    0.665158371040724
  ],
  "final_accuracy": 0.665158371040724
}