{
  "controller": "gnn",
  "config": {
    "n_per_type": 96,
    "epochs": 60,
    "batch_size": 16,
    "learning_rate": 0.001,
    "seed": 42,
    "weight_decay": 0.0,
    "aux_loss_weight": 0.1
  },
  "wall_seconds": 418.72023590199933,
  "epoch_accuracy": [
    0.20361990950226244,
    0.36877828054298645,
    0.5339366515837104,
    0.5339366515837104,
    0.4751131221719457,
    0.6877828054298643,
    0.7149321266968326,
    0.6968325791855203,
    0.7081447963800905,
    0.6990950226244343,
    0.6357466063348416,
    0.6628959276018099,
    0.6447963800904978,
    0.669683257918552,
    0.669683257918552,
    0.7126696832579186,
    0.7330316742081447,
    0.6923076923076923,
    0.7307692307692307,
    0.7262443438914027,
    0.7217194570135747,
    0.6923076923076923,
    0.6606334841628959,
    0.7126696832579186,
    0.6877828054298643,
    0.6990950226244343,
    0.744343891402715,
    0.6266968325791855,
    0.6561085972850679,
    0.7104072398190046,
    0.7058823529411765,
    0.7217194570135747,
    0.6877828054298643,
    0.7239819004524887,
    0.6877828054298643,
    0.6968325791855203,
    0.6561085972850679,
    0.665158371040724,
    0.7126696832579186,
    0.6538461538461539,
    0.6606334841628959,
    0.6742081447963801,
    0.7081447963800905,
    0.746606334841629,
    0.6877828054298643,
    0.7285067873303167,
    0.7398190045248869,
    0.6809954751131222,
    0.6538461538461539,
    0.6832579185520362,
    0.7058823529411765,
    0.7013574660633484,
    0.6832579185520362,
    0.669683257918552,
    0.6900452488687783,
    0.6764705882352942,
    0.6583710407239819,
    0.667420814479638,
    0.7624434389140271,
    0.7307692307692307
  ],
  "final_accuracy": 0.7307692307692307
}